"","from_id","from_name","message","created_time","type","link","id","story","likes_count","comments_count","shares_count"
"178","223649167822693","Vox","President Trump blamed ESPN host Jemele Hill for the network‚Äôs rating drops.","2017-10-11T03:00:00+0000","link","https://www.vox.com/identities/2017/9/15/16313800/trump-jamele-hill-espn-white-supremacist?utm_medium=social&utm_source=facebook","223649167822693_774399972747607",NA,10,11,5
"165","223649167822693","Vox","Fires have so far this year torched more than 115,000 acres in California.","2017-10-11T12:51:14+0000","link","https://www.vox.com/energy-and-environment/2017/9/12/16295246/wildfires-air-quality-map?utm_campaign=vox.social&utm_content=voxdotcom&utm_medium=social&utm_source=facebook","223649167822693_774781066042831",NA,14,6,13
"9","223649167822693","Vox","Alaskan politicians may have their best shot yet this week to open the Arctic National Wildlife Refuge for oil and gas drilling.","2017-10-17T18:00:01+0000","link","https://www.vox.com/energy-and-environment/2017/10/6/16411648/republicans-tax-reform-arctic-national-wildlife-refuge-drilling-oil","223649167822693_777602395760698",NA,19,8,7
"170","223649167822693","Vox","Foreign policy wonks: the hosts of the Worldly podcast are choosing a few foreign policy and national security questions to answer this Thursday. 

Have a question for them? Comment below for your chance to have it answered on air, or tweet it using the #Worldly hashtag.","2017-10-11T10:00:00+0000","photo","https://www.facebook.com/Vox/photos/a.232848736902736.1073741828.223649167822693/774520649402206/?type=3","223649167822693_774520649402206",NA,22,21,2
"81","223649167822693","Vox","""Blue slips"" ‚Äî a tradition that the Senate Judiciary Committee has historically used to consult the two senators from a federal court nominee‚Äôs home state ‚Äî are one way Democrats can stop judges. But the rules might not last long.","2017-10-14T11:00:00+0000","link","https://www.vox.com/policy-and-politics/2017/10/13/16462128/blue-slips-senate-republican-judge-nomination-appointment?utm_campaign=vox.social&utm_content=voxdotcom&utm_medium=social&utm_source=facebook","223649167822693_775679862619618",NA,23,17,39
"1","223649167822693","Vox","500 fires have swept across Portugal and Spain, killing 40. Portugal started three days of mourning on Tuesday.","2017-10-17T22:00:00+0000","link","https://www.vox.com/world/2017/10/17/16488902/portugal-spain-fire?utm_campaign=vox.social&utm_content=voxdotcom&utm_medium=social&utm_source=facebook","223649167822693_777653995755538",NA,24,1,12
"13","223649167822693","Vox","Here‚Äôs a clear guide to what Republicans need to do.","2017-10-17T14:44:00+0000","link","https://www.vox.com/2017/10/17/16479864/republican-path-tax-reform?utm_campaign=vox.social&utm_content=voxdotcom&utm_medium=social&utm_source=facebook","223649167822693_777499952437609",NA,24,8,6
"174","223649167822693","Vox","Any deal on DACA will need bipartisan support in Congress and Trump‚Äôs signature.","2017-10-11T06:00:00+0000","link","https://www.vox.com/policy-and-politics/2017/10/10/16447478/daca-trump-congress-leverage?utm_medium=social&utm_source=facebook","223649167822693_774409112746693",NA,25,7,3
"194","223649167822693","Vox","The future of hundreds of thousands of young immigrants heavily depends on the White House sorting out how decisions get made.","2017-10-10T17:10:01+0000","link","https://www.vox.com/policy-and-politics/2017/10/10/16447294/trump-immigration-congress-miller?utm_medium=social&utm_source=facebook","223649167822693_774359169418354",NA,29,15,13
"198","223649167822693","Vox","President Trump has tweeted that he will ""use the power of the pen"" to speed up health care.","2017-10-10T15:33:01+0000","link","https://www.vox.com/policy-and-politics/2017/10/8/16439492/trump-obamacare-association-health-plans?utm_medium=social&utm_source=facebook","223649167822693_774345942753010",NA,31,34,62
"115","223649167822693","Vox","Overdose deaths linked to synthetic opioids like fentanyl jumped from nearly 10,000 in 2015 to more than 19,000 in 2016.","2017-10-13T00:00:01+0000","link","https://www.vox.com/science-and-health/2017/5/8/15454832/fentanyl-carfentanil-opioid-epidemic?utm_campaign=vox.social&utm_content=voxdotcom&utm_medium=social&utm_source=facebook","223649167822693_775315059322765",NA,34,6,32
"181","223649167822693","Vox","Scott Pruitt, the U.S. Environmental Protection Agency's administrator, took a key step today to roll back Barack Obama's marquee domestic climate policy.

Here's what it means:","2017-10-11T01:00:00+0000","link","https://www.vox.com/energy-and-environment/2017/10/10/16450288/epa-rollback-of-the-clean-power-plan-scott-pruitt?utm_campaign=vox.social&utm_content=voxdotcom&utm_medium=social&utm_source=facebook","223649167822693_774528006068137",NA,41,22,73
"18","223649167822693","Vox","America‚Äôs Gulf Coast region perennially records some of the worst health outcomes in the US, and they‚Äôll almost surely be aggravated by the storms that recently slammed the southern states.","2017-10-17T11:55:00+0000","link","https://www.vox.com/science-and-health/2017/9/19/16325044/hurricane-2017-health-risks-irma-harvey-pollution-mold-mosquitoes-depression?utm_campaign=vox.social&utm_content=voxdotcom&utm_medium=social&utm_source=facebook","223649167822693_777254825795455",NA,44,0,39
"6","223649167822693","Vox","Donald Trump's budding bromance with Rand Paul won't help with the wins Trump really needs.","2017-10-17T19:26:00+0000","link","https://www.vox.com/policy-and-politics/2017/10/17/16482214/trump-rand-paul-bromance-why?utm_campaign=vox.social&utm_content=voxdotcom&utm_medium=social&utm_source=facebook","223649167822693_777495382438066",NA,46,10,8
"61","223649167822693","Vox","On the latest episode of The Weeds, Dylan Scott, Sarah Kliff, and Matt Yglesias discuss new findings on the opioid crisis, Trump‚Äôs decision to cut off some Obamacare subsidies, and the latest executive order on health care.","2017-10-15T12:45:02+0000","link","https://www.vox.com/2017/10/14/16471610/weeds-heroin-opioid-addiction-obamacare-subsidies?utm_campaign=vox.social&utm_content=voxdotcom&utm_medium=social&utm_source=facebook","223649167822693_776157899238481",NA,46,6,9
"134","223649167822693","Vox","The most significant immediate consequence of decertification: Giving Congress the ability to quickly pass legislation that would almost certainly destroy the deal.","2017-10-12T12:38:50+0000","link","https://www.vox.com/world/2017/10/12/16447436/trump-iran-deal-decertify-inara?utm_campaign=vox.social&utm_content=voxdotcom&utm_medium=social&utm_source=facebook","223649167822693_775215792666025",NA,46,39,49
"173","223649167822693","Vox","Twitter banned Marsha Blackburn's Senate campaign announcement ad for being ""inflammatory"" ‚Äì but it may have just given her message more power.","2017-10-11T07:00:00+0000","link","https://www.vox.com/identities/2017/10/10/16449920/marsha-blackburn-twitter-ban?utm_campaign=vox.social&utm_content=voxdotcom&utm_medium=social&utm_source=facebook","223649167822693_774530676067870",NA,46,38,8
"33","223649167822693","Vox","Vox‚Äôs new podcast, The Impact, explores how policy affects real lives. This season, we‚Äôre focusing on health care, and we wanted to begin with one of thorniest questions in the American health care system: prices.

In this episode, Sarah Kliff looks at how the American decision not to regulate health care prices leads to $629 Band-Aids and $3,170 fees just for visiting the emergency room. http://bit.ly/2yNSx0H","2017-10-16T18:12:39+0000","video","https://www.facebook.com/Vox/videos/777214202466184/","223649167822693_777214202466184",NA,50,10,21
"88","223649167822693","Vox","The move could put a dent in Iran‚Äôs fragile economy ‚Äî and cause them to retaliate against US military forces in the Middle East.","2017-10-13T23:00:02+0000","link","https://www.vox.com/world/2017/10/13/16469226/iran-deal-islamic-revolutionary-guard-corps-sanctions?utm_campaign=vox.social&utm_content=voxdotcom&utm_medium=social&utm_source=facebook","223649167822693_775870702600534",NA,50,58,48
"135","223649167822693","Vox","When your favorite superheroes ‚Äî Batman, Spiderman, The Tick ‚Äî wear suits, here's what you don't know is happening with them.","2017-10-12T12:01:00+0000","link","https://www.vox.com/2017/10/11/16455360/griffin-newman-the-tick-interview?utm_campaign=vox.social&utm_content=voxdotcom&utm_medium=social&utm_source=facebook","223649167822693_774909172696687",NA,50,2,6
"118","223649167822693","Vox","Despite the rumors of tensions, Kelly says he's not planning on leaving his position nor is he about to be fired.","2017-10-12T21:31:00+0000","link","https://www.vox.com/policy-and-politics/2017/10/12/16465542/john-kelly-not-control-trumps-behavior-tweets?utm_campaign=vox.social&utm_content=voxdotcom&utm_medium=social&utm_source=facebook","223649167822693_775377899316481",NA,53,64,13
"27","223649167822693","Vox","The stage is set for a major crisis.","2017-10-16T22:00:00+0000","link","https://www.vox.com/world/2017/10/16/16481952/iraq-krg-kirkuk-seize?utm_campaign=vox.social&utm_content=voxdotcom&utm_medium=social&utm_source=facebook","223649167822693_777266612460943",NA,54,22,26
"130","223649167822693","Vox","Gossip can offer the powerless a platform for making their voices heard ‚Äî but it can also be a weapon for the powerful.","2017-10-12T14:34:00+0000","link","https://www.vox.com/culture/2017/10/12/16458456/harvey-weinstein-gossip-industry?utm_campaign=vox.social&utm_content=voxdotcom&utm_medium=social&utm_source=facebook","223649167822693_775230915997846",NA,54,9,15
"172","223649167822693","Vox","Is the goal of eliminating partisan gerrymandering in conflict with the goal of making sure minority communities have an effective electoral voice?","2017-10-11T08:00:00+0000","link","https://www.vox.com/the-big-idea/2017/10/10/16449748/gerrymandering-majority-minority-voting-rights-wisconsin-supreme-court?utm_medium=social&utm_source=facebook","223649167822693_774322406088697",NA,55,18,9
"127","223649167822693","Vox","If confirmed by the Senate, Kirstjen Nielsen would be the first head of the department to have actually worked in it before.","2017-10-12T16:20:00+0000","link","https://www.vox.com/policy-and-politics/2017/10/12/16461758/kirstjen-nielsen-dhs?utm_campaign=vox.social&utm_content=voxdotcom&utm_medium=social&utm_source=facebook","223649167822693_775299415990996",NA,56,8,16
"145","223649167822693","Vox","Here are a few of the most striking images we‚Äôve seen so far of the fires, the fight against them, and their impact on Californians.","2017-10-12T00:35:03+0000","link","https://www.vox.com/science-and-health/2017/10/11/16459248/photos-california-wildfires-napa-sonoma-anaheim?utm_campaign=vox.social&utm_content=voxdotcom&utm_medium=social&utm_source=facebook","223649167822693_775031126017825",NA,57,7,47
"177","223649167822693","Vox","Air quality in the San Francisco Bay Area reached ‚Äúvery unhealthy‚Äù levels as wildfires rage in Northern California.","2017-10-11T03:30:00+0000","link","https://www.vox.com/energy-and-environment/2017/9/12/16295246/wildfires-air-quality-map?utm_campaign=vox.social&utm_content=voxdotcom&utm_medium=social&utm_source=facebook","223649167822693_774548976066040",NA,59,11,64
"89","223649167822693","Vox","Why does the simple act of combining the greatest weekday with the worst prime number strike such fear into our hearts?","2017-10-13T22:00:01+0000","link","https://www.vox.com/culture/2017/10/13/16465896/friday-the-13th-origin-history?utm_campaign=vox.social&utm_content=voxdotcom&utm_medium=social&utm_source=facebook","223649167822693_775796339274637",NA,61,12,14
"167","223649167822693","Vox","Republicans in Virginia are using Donald Trump‚Äôs playbook ‚Äî and Democrats may be trapped.","2017-10-11T11:30:00+0000","link","https://www.vox.com/policy-and-politics/2017/10/10/16439656/virginia-governor-election-explained?utm_campaign=vox.social&utm_content=voxdotcom&utm_medium=social&utm_source=facebook","223649167822693_774471959407075",NA,62,40,45
"17","223649167822693","Vox","This is what makes or breaks the end of a TV series like The Sopranos.","2017-10-17T12:31:00+0000","link","https://www.vox.com/culture/2017/10/17/16462246/series-finale-best-worst-tv-halt-and-catch-fire-americans?utm_campaign=vox.social&utm_content=voxdotcom&utm_medium=social&utm_source=facebook","223649167822693_777494539104817",NA,70,12,10
"137","223649167822693","Vox","Mark your calendars: Our new podcast The Impact launches on Monday, October 16th! Host Sarah Kliff will explore what happens when policy makes it way out of Washington and into the real world where all of us live. Listen to the trailer here: http://bit.ly/2yZsj7v","2017-10-12T10:01:00+0000","photo","https://www.facebook.com/Vox/photos/a.232848736902736.1073741828.223649167822693/774914489362822/?type=3","223649167822693_774915039362767",NA,72,0,3
"46","223649167822693","Vox","The Trump campaign has previously commented, ""Without Facebook, we wouldn‚Äôt have won.‚Äù (via The Verge)","2017-10-16T11:15:00+0000","link","https://www.theverge.com/2017/10/11/16449976/facebook-political-ads-trump-russia-election-news-feed?utm_campaign=theverge.social&utm_content=voxdotcom&utm_medium=social&utm_source=facebook","223649167822693_776708779183393",NA,73,9,39
"144","223649167822693","Vox","They're not entirely off the mark.","2017-10-12T01:01:00+0000","link","https://www.vox.com/policy-and-politics/2017/10/11/16461130/voxcare-obamacare-repeal-failure-blame?utm_campaign=vox.social&utm_content=voxdotcom&utm_medium=social&utm_source=facebook","223649167822693_774965516024386",NA,73,53,7
"4","223649167822693","Vox","The travel ban is on hold. But there is good reason to think the Trump administration will still win.","2017-10-17T20:27:28+0000","link","https://www.vox.com/2017/10/17/16490890/trump-travel-ban-hawaii?utm_campaign=vox.social&utm_content=voxdotcom&utm_medium=social&utm_source=facebook","223649167822693_777662575754680",NA,74,2,8
"92","223649167822693","Vox","Advocates have some fairly simple recommendations Ì†ΩÌ±á","2017-10-13T19:46:00+0000","link","https://www.vox.com/identities/2017/10/13/16360726/sexual-assault-college?utm_campaign=vox.social&utm_content=voxdotcom&utm_medium=social&utm_source=facebook","223649167822693_775670815953856",NA,74,2,18
"187","223649167822693","Vox","Catalan President Carles Puigdemont stopped short of a full and unilateral declaration of independence.","2017-10-10T21:26:52+0000","link","https://www.vox.com/world/2017/10/10/16453486/spain-catalonia-independence","223649167822693_774518716069066",NA,75,7,18
"175","223649167822693","Vox","A stunning scene of devastation in Northern California via Curbed.","2017-10-11T05:00:00+0000","link","https://sf.curbed.com/2017/10/10/16453576/santa-rosa-wine-country-fire-photo-california","223649167822693_774520379402233",NA,76,11,76
"97","223649167822693","Vox","President Trump just started a ticking clock: For the next two months, the Republican majority in Congress has a unique opportunity to kill the Iran deal if they so choose.","2017-10-13T17:21:17+0000","link","https://www.vox.com/world/2017/10/13/16464084/trump-iran-nuclear-deal-decertify?utm_campaign=vox.social&utm_content=voxdotcom&utm_medium=social&utm_source=facebook","223649167822693_775782279276043",NA,82,57,83
"141","223649167822693","Vox","A fertility test that's being sold to women doesn't actually predict fertility at all.","2017-10-12T03:01:00+0000","link","https://www.vox.com/science-and-health/2017/10/11/16453714/ovarian-reserve-test-science-results-fertility?utm_campaign=vox.social&utm_content=voxdotcom&utm_medium=social&utm_source=facebook","223649167822693_774913129362958",NA,82,1,28
"146","223649167822693","Vox","In Marshall, future Supreme Court Justice Thurgood Marshall gets short shrift.","2017-10-12T00:00:00+0000","link","https://www.vox.com/culture/2017/10/11/16443068/marshall-review-chadwick-boseman-thurgood-scotus?utm_campaign=vox.social&utm_content=voxdotcom&utm_medium=social&utm_source=facebook","223649167822693_774866759367595",NA,83,11,17
"196","223649167822693","Vox","It continues.","2017-10-10T16:25:00+0000","link","https://www.vox.com/policy-and-politics/2017/10/10/16452598/trump-tweet-change-tax-law-punish-nfl?utm_medium=social&utm_source=facebook","223649167822693_774367476084190",NA,83,129,50
"2","223649167822693","Vox","""Lincoln‚Äôs got this beautiful quote, in which he‚Äôs talking about if you truncate the American equality vision, if you truncate it to exclude black people, the next thing some despot will do is start excluding immigrants. Lincoln knew this, and in his day the opposition party was called the Know Nothings, and they were very much a white power party. I think Lincoln would recognize and be very strongly against the Trump movement, because it‚Äôs simply anti-American to be so damn scared all the time."" ‚Äî George Saunders, who just won the Man Booker prize for Lincoln in the Bardo (Congrats!)","2017-10-17T21:31:33+0000","link","https://www.vox.com/conversations/2017/3/18/14957294/george-saunders-trump-empathy?utm_campaign=vox.social&utm_content=voxdotcom&utm_medium=social&utm_source=facebook","223649167822693_777682169086054",NA,85,6,24
"80","223649167822693","Vox","This is an argument made at the highest level of the American government ‚Äî even though the assertion that sanctuary policies lead to higher crime is completely false.","2017-10-14T12:00:02+0000","link","https://www.vox.com/2017/10/13/16465218/kim-guadagno-sanctuary-cities?utm_campaign=vox.social&utm_content=voxdotcom&utm_medium=social&utm_source=facebook","223649167822693_775801599274111",NA,92,22,72
"26","223649167822693","Vox","What Sebastian Kurz‚Äôs win may show is that the *far* right may not be politically salient, but the center-right is having a moment.","2017-10-16T23:00:00+0000","link","https://www.vox.com/world/2017/10/16/16482416/sebastian-kurz-austria-far-right-right-migrants?utm_campaign=vox.social&utm_content=voxdotcom&utm_medium=social&utm_source=facebook","223649167822693_777272555793682",NA,93,48,22
"107","223649167822693","Vox","This study shows the real-life impact of restrictive laws that make abortion a completely different prospect in some parts of the country than in others.","2017-10-13T12:14:01+0000","link","https://www.vox.com/identities/2017/10/4/16405234/abortion-study-lancet-guttmacher?utm_campaign=vox.social&utm_content=voxdotcom&utm_medium=social&utm_source=facebook","223649167822693_775423142645290",NA,94,22,57
"119","223649167822693","Vox","The key issue, as with many US-UN disputes, is the Israeli-Palestinian conflict.","2017-10-12T20:31:01+0000","link","https://www.vox.com/world/2017/10/12/16464778/unesco-us-withdrawal-trump?utm_campaign=vox.social&utm_content=voxdotcom&utm_medium=social&utm_source=facebook","223649167822693_775357292651875",NA,96,21,44
"106","223649167822693","Vox","North Korea has been quietly developing a selection of malware and malicious code.","2017-10-13T12:44:58+0000","link","https://www.vox.com/world/2017/10/13/16465882/north-korea-cyber-attack-capability-us-military?utm_campaign=vox.social&utm_content=voxdotcom&utm_medium=social&utm_source=facebook","223649167822693_775667769287494",NA,98,19,99
"14","223649167822693","Vox","Public figures who talk about a social problem in the abstract get pressured to repudiate their associates who contribute to it.","2017-10-17T14:01:00+0000","link","https://www.vox.com/identities/2017/10/17/16482604/weinstein-clinton-ailes-trump?utm_campaign=vox.social&utm_content=voxdotcom&utm_medium=social&utm_source=facebook","223649167822693_777506605770277",NA,99,110,13
"22","223649167822693","Vox","There are now seven countries at high risk of plague outbreaks spreading from Madagascar, according to the World Health Organization:

South Africa
Mozambique
Tanzania
Mauritius
Comoros
Seychelles
Reunion","2017-10-17T03:00:00+0000","link","https://www.vox.com/science-and-health/2017/10/6/16435536/plague-madagascar-epidemic-2017?utm_campaign=vox.social&utm_content=voxdotcom&utm_medium=social&utm_source=facebook","223649167822693_777255959128675",NA,105,32,179
"76","223649167822693","Vox","""The Church was founded on a rock and a cross, not on a hug,‚Äù Milo Yiannopoulos said in an interview.","2017-10-14T16:31:01+0000","link","https://www.vox.com/2017/10/14/16468878/milo-yiannopoulos-trash-talks-pope-in-catholic-magazine-interview?utm_campaign=vox.social&utm_content=voxdotcom&utm_medium=social&utm_source=facebook","223649167822693_776162972571307",NA,107,266,56
"66","223649167822693","Vox","The MacArthur Geniuses announcement, great forgotten books, and everything else you need to know in book news this week.","2017-10-15T04:31:00+0000","link","https://www.vox.com/culture/2017/10/14/16469616/show-dont-tell-political?utm_campaign=vox.social&utm_content=voxdotcom&utm_medium=social&utm_source=facebook","223649167822693_776156449238626",NA,111,4,11
"40","223649167822693","Vox","It‚Äôs much easier in America to get high than it is to get help.","2017-10-16T14:31:01+0000","link","https://www.vox.com/science-and-health/2017/8/3/16079772/opioid-epidemic-drug-overdoses?utm_campaign=vox.social&utm_content=voxdotcom&utm_medium=social&utm_source=facebook","223649167822693_776721422515462",NA,112,21,74
"3","223649167822693","Vox","Updated today. The list now includes: 

Lena Headey 
Asia Argento 
Rosanna Arquette 
Jessica Barth 
Kate Beckinsale
Zo√´ Brock
Liza Campbell 
Emma de Caunes 
Cara Delevingne 
Sophie Dix 
Lucia Evans 
Angie Everhart 
Dawn Dunning 
Claire Forlani 
Romola Garai 
Louisette Geiss 
Louise Godbold 
Judith Godr√®che 
Heather Graham 
Ambra Battilana Gutierrez 
Angelina Jolie 
Ashley Judd 
Katherine Kendall 
Laura Madden 
Sarah Ann Masse 
Rose McGowan
Emily Nestor
Gwyneth Paltrow 
Zelda Perkins
Sarah Polley
Tomi-Ann Roberts
L√©a Seydoux
Lauren Sivan
Mira Sorvino 
Paula Wachowiak","2017-10-17T20:50:12+0000","link","https://www.vox.com/culture/2017/10/11/16460164/harvey-weinstein-sexual-harassment-assault-accusations?utm_campaign=vox.social&utm_content=voxdotcom&utm_medium=social&utm_source=facebook","223649167822693_777652605755677",NA,113,23,67
"48","223649167822693","Vox","Determined hackers are probably going to succeed, yet there's far too little focus on how to limit the damage. (via Quartz)","2017-10-16T06:01:01+0000","link","https://qz.com/1098062/massive-hacks-like-equifax-and-yahoo-are-inevitable-so-its-time-to-assume-our-data-will-be-stolen/?utm_source=parVOX","223649167822693_776176879236583",NA,120,16,50
"123","223649167822693","Vox","While other countries have responded to shootings with new restrictions on firearms, US lawmakers will likely be unable to pass laws curtailing access to guns, and another person will be able to carry out another horrific act. No amount of carnage seems to change this.

This helps explain why:","2017-10-12T18:11:48+0000","link","https://www.vox.com/policy-and-politics/2017/10/12/16418524/us-gun-policy-nra?utm_campaign=vox.social&utm_content=voxdotcom&utm_medium=social&utm_source=facebook","223649167822693_775345212653083",NA,120,57,112
"79","223649167822693","Vox","People who buy insurance on the individual market and do not receive financial aid under Obamacare will feel the brunt of this decision.","2017-10-14T13:00:01+0000","link","https://www.vox.com/policy-and-politics/2017/10/13/16468788/obamacare-open-enrollment-cost-sharing-reductions-trump?utm_campaign=vox.social&utm_content=voxdotcom&utm_medium=social&utm_source=facebook","223649167822693_775823059271965",NA,126,99,188
"163","223649167822693","Vox","Puerto Rico is at risk of a natural disaster turning into an economic calamity.","2017-10-11T14:01:01+0000","link","https://www.vox.com/policy-and-politics/2017/10/11/16435504/puerto-rico-debt?utm_campaign=vox.social&utm_content=voxdotcom&utm_medium=social&utm_source=facebook","223649167822693_774797732707831",NA,126,18,81
"49","223649167822693","Vox","The idea that mint equals freshness is a triumph of advertising.","2017-10-16T04:31:01+0000","link","https://www.vox.com/2014/12/1/7309499/mint-fresh-breath?utm_campaign=vox.social&utm_content=voxdotcom&utm_medium=social&utm_source=facebook","223649167822693_776754332512171",NA,129,21,25
"98","223649167822693","Vox","Friday's #WomenBoycottTwitter protest is meant to support abuse victims. Women of color argue it's not enough.","2017-10-13T17:00:00+0000","link","https://www.vox.com/culture/2017/10/13/16468708/womenboycotttwitter-protest-backlash-women-of-color?utm_campaign=vox.social&utm_content=voxdotcom&utm_medium=social&utm_source=facebook","223649167822693_775765245944413",NA,129,28,13
"192","223649167822693","Vox","NFL owners will consider the rule change next week.","2017-10-10T18:17:51+0000","link","https://www.vox.com/identities/2017/10/10/16453924/nfl-national-anthem-rule?utm_campaign=vox.social&utm_content=voxdotcom&utm_medium=social&utm_source=facebook","223649167822693_774451559409115",NA,130,504,197
"160","223649167822693","Vox","Because open enrollment is such a sprawling undertaking, the Trump administration has many tools at its disposal to undermine it and, by extension, the ACA. It seems to be using all of them.","2017-10-11T15:04:16+0000","link","https://www.vox.com/policy-and-politics/2017/10/11/16447504/obamacare-open-enrollment-trump-sabotage?utm_campaign=vox.social&utm_content=voxdotcom&utm_medium=social&utm_source=facebook","223649167822693_774792186041719",NA,132,72,368
"20","223649167822693","Vox","The results show divergent voting patterns across Chinese-American, Indian-American, and Vietnamese-American voters","2017-10-17T10:00:00+0000","link","https://www.vox.com/mischiefs-of-faction/2017/10/16/16479256/asian-american-divisions?utm_campaign=vox.social&utm_content=voxdotcom&utm_medium=social&utm_source=facebook","223649167822693_777234472464157",NA,133,24,28
"86","223649167822693","Vox","Aline Brosh McKenna knows romantic comedies inside and out ‚Äî which is why she takes so much delight in perverting them completely for Crazy Ex-Girlfriend.","2017-10-14T01:00:00+0000","link","https://www.vox.com/fall-tv/2017/10/13/16466442/crazy-ex-girlfriend-season-3-preview?utm_campaign=vox.social&utm_content=voxdotcom&utm_medium=social&utm_source=facebook","223649167822693_775854282602176",NA,139,6,16
"19","223649167822693","Vox","Why are American health care prices so incredibly high? Sarah Kliff explores this question on the first episode of Vox's new podcast, The Impact:","2017-10-17T11:04:00+0000","link","https://www.vox.com/the-impact/2017/10/16/16387298/band-aid-er-bill-truth-american-health-care?utm_campaign=vox.social&utm_content=voxdotcom&utm_medium=social&utm_source=facebook","223649167822693_777288929125378",NA,142,29,79
"197","223649167822693","Vox","This is the worst possible time for Trump to make enemies in the Senate.","2017-10-10T16:03:14+0000","link","https://www.vox.com/policy-and-politics/2017/10/8/16443694/trump-bob-corker-twitter-tax-reform-iran-world-war-iii-reelection?utm_medium=social&utm_source=facebook","223649167822693_774365172751087",NA,143,104,33
"34","223649167822693","Vox","Senator Sheldon Whitehouse says he is in talks with 6 to 10 Republicans who, he says, privately support his carbon tax bill but are unwilling to publicly back it.","2017-10-16T18:00:01+0000","link","https://www.vox.com/policy-and-politics/2017/10/16/16394818/sheldon-whitehouse-congress-climate?utm_campaign=vox.social&utm_content=voxdotcom&utm_medium=social&utm_source=facebook","223649167822693_777095262478078",NA,148,43,61
"23","223649167822693","Vox","As of Monday night: About 87% of Puerto Rico still doesn't have power, less than half of cellphone towers are working, and about 28% of the territory still doesn't have running water.","2017-10-17T02:00:00+0000","link","https://www.vox.com/policy-and-politics/2017/10/3/16400510/fema-puerto-rico-hurricane?utm_campaign=vox.social&utm_content=voxdotcom&utm_medium=social&utm_source=facebook","223649167822693_777287039125567",NA,154,54,582
"136","223649167822693","Vox","How serious is the European alt-right movement? What do these people believe and how far are they willing to go in pursuit of their aims?

Patrik Hermansson developed relationships with some of Europe‚Äôs and America‚Äôs most prominent alt-right figures. Here's what he learned:","2017-10-12T11:00:00+0000","link","https://www.vox.com/policy-and-politics/2017/10/11/16424576/europe-alt-right-nazi-racism-trump-brexist?utm_campaign=vox.social&utm_content=voxdotcom&utm_medium=social&utm_source=facebook","223649167822693_774851206035817",NA,155,16,125
"112","223649167822693","Vox","President Trump just took another step to undermine Obamacare.","2017-10-13T02:13:35+0000","link","https://www.vox.com/policy-and-politics/2017/10/12/16070724/trump-cost-sharing-reductions-pulled","223649167822693_775487345972203",NA,156,124,200
"90","223649167822693","Vox","""This administration doesn‚Äôt have the greatest track record for thinking through and planning around the potential downside implications of its provocative gestures.‚Äù ‚ÄîSuzanne Maloney, Brookings Institution","2017-10-13T21:00:01+0000","link","https://www.vox.com/world/2017/10/13/16469318/trumps-iran-speech-strategy-nuclear-decertify?utm_campaign=vox.social&utm_content=voxdotcom&utm_medium=social&utm_source=facebook","223649167822693_775826989271572",NA,161,30,67
"193","223649167822693","Vox","The The New Yorker just published an explosive report with on-the-record accounts accusing Harvey Weinstein of sexual assault. It lines up with Weinstein's alleged patterns detailed in The New York Times's earlier story.","2017-10-10T17:38:05+0000","link","https://www.vox.com/culture/2017/10/10/16453422/new-yorker-harvey-weinstein-report-rape?utm_medium=social&utm_source=facebook","223649167822693_774423406078597",NA,163,31,24
"129","223649167822693","Vox","President Trump‚Äôs action is expected to make cheaper plans with skimpier benefits more available. Experts worry that will damage the ACA‚Äôs marketplaces.","2017-10-12T14:52:54+0000","link","https://www.vox.com/policy-and-politics/2017/10/12/16458184/trump-obamacare-executive-order-association-health-plans-short-term-insurance?utm_campaign=vox.social&utm_content=voxdotcom&utm_medium=social&utm_source=facebook","223649167822693_775276845993253",NA,167,128,499
"55","223649167822693","Vox","Too often, we stop covering the story when legislation is signed into law. Not anymore. http://apple.co/2g66saL","2017-10-15T20:15:02+0000","video","https://www.facebook.com/Vox/videos/773959612791643/","223649167822693_773959612791643",NA,176,4,24
"47","223649167822693","Vox","Temperature and weather conditions can impact the intensity of fall colors and how long they linger.","2017-10-16T10:01:00+0000","link","https://www.vox.com/science-and-health/2017/9/11/16240334/autumn-equinox-2017-peak-fall-foliage-map-google-doodle?utm_campaign=vox.social&utm_content=voxdotcom&utm_medium=social&utm_source=facebook","223649167822693_776735422514062",NA,179,20,57
"179","223649167822693","Vox","Mental health care is woefully underfunded in America, and the criminal justice system is often the only institution that can pick up the slack.","2017-10-11T02:30:00+0000","link","https://www.vox.com/2016/3/1/11134908/criminal-justice-mental-health?utm_campaign=vox.social&utm_content=voxdotcom&utm_medium=social&utm_source=facebook","223649167822693_774548079399463",NA,180,17,181
"35","223649167822693","Vox","The president yet to file the paperwork to formally declare the crisis an emergency and potentially release some federal resources to address the issue.","2017-10-16T17:31:01+0000","link","https://www.vox.com/policy-and-politics/2017/10/16/16481604/trump-opioid-epidemic-national-emergency?utm_campaign=vox.social&utm_content=voxdotcom&utm_medium=social&utm_source=facebook","223649167822693_777173855803552",NA,186,80,111
"138","223649167822693","Vox","Harvey Weinstein may have been a big donor for Democratic candidates like Barack Obama and Hillary Clinton, but it's more than a long shot to suggest they knew the extent of his predatory tendencies.","2017-10-12T09:01:00+0000","link","https://www.vox.com/mischiefs-of-faction/2017/10/11/16458400/weinstein-clinton-obama-donors?utm_campaign=vox.social&utm_content=voxdotcom&utm_medium=social&utm_source=facebook","223649167822693_774951832692421",NA,191,150,33
"93","223649167822693","Vox","These moves aren‚Äôt about making more people eligible for deportation. They‚Äôre about making fewer people eligible for a full legal process before getting deported.","2017-10-13T19:16:01+0000","link","https://www.vox.com/policy-and-politics/2017/10/13/16464360/immigration-court-judges-children-uac?utm_campaign=vox.social&utm_content=voxdotcom&utm_medium=social&utm_source=facebook","223649167822693_775817409272530",NA,198,89,389
"15","223649167822693","Vox","Marino‚Äôs law smothered US Drug Enforcement Administration attempts to go after opioid distributors.","2017-10-17T13:33:37+0000","link","https://www.vox.com/policy-and-politics/2017/10/17/16482620/tom-marino-drug-czar-dea-opioid?utm_campaign=vox.social&utm_content=voxdotcom&utm_medium=social&utm_source=facebook","223649167822693_777496905771247",NA,199,35,67
"12","223649167822693","Vox","Pruitt‚Äôs victory on repealing the Clean Power Plan is not assured. Here's why.","2017-10-17T15:19:10+0000","link","https://www.vox.com/energy-and-environment/2017/10/17/16481058/epa-pruitt-obama-climate-regulations-shady?utm_campaign=vox.social&utm_content=voxdotcom&utm_medium=social&utm_source=facebook","223649167822693_777518445769093",NA,205,13,57
"37","223649167822693","Vox","Bowe Bergdahl disappeared from his base in Afghanistan in 2009 and was captured by the Taliban. Here's a guide to what happened ‚Äî and what comes next.","2017-10-16T16:27:40+0000","link","https://www.vox.com/world/2017/10/16/16482270/bowe-bergdahl-guilty-plea-desertion-serial?utm_campaign=vox.social&utm_content=voxdotcom&utm_medium=social&utm_source=facebook","223649167822693_777172379137033",NA,208,90,35
"140","223649167822693","Vox","The black victim of a vicious attack captured on film faces potential felony charges.","2017-10-12T04:01:00+0000","link","https://www.vox.com/identities/2017/10/11/16458694/deandre-harris-charlottesville-video?utm_campaign=vox.social&utm_content=voxdotcom&utm_medium=social&utm_source=facebook","223649167822693_774939002693704",NA,217,76,240
"124","223649167822693","Vox","After Taliban-linked militants captured Coleman and Boyle in 2012, they tried to use them as bargaining chips with the US for years. The family's freedom marks a win for Trump in a region where the US has had little military success.","2017-10-12T17:36:54+0000","link","https://www.vox.com/world/2017/10/12/16464250/us-hostage-taliban-pakistan-free-caitlan-coleman?utm_campaign=vox.social&utm_content=voxdotcom&utm_medium=social&utm_source=facebook","223649167822693_775334212654183",NA,229,35,26
"28","223649167822693","Vox","Mike Pence has largely stayed out of the drama, while quietly becoming one of the most powerful people in the Trump administration, according to a profile of the vice president in The New Yorker.","2017-10-16T21:00:00+0000","link","https://www.vox.com/policy-and-politics/2017/10/16/16482746/kochs-mike-pence-trump-white-house?utm_campaign=vox.social&utm_content=voxdotcom&utm_medium=social&utm_source=facebook","223649167822693_777252039129067",NA,230,99,302
"24","223649167822693","Vox","When it comes to tax reform, President Trump's key argument is that his plan will help middle-class families. But the reality coming into focus is that the plan could leave most families worse off.

Matt Yglesias explains:","2017-10-17T01:00:00+0000","link","https://www.vox.com/policy-and-politics/2017/10/16/16481962/corporate-tax-4000?utm_campaign=vox.social&utm_content=voxdotcom&utm_medium=social&utm_source=facebook","223649167822693_777218792465725",NA,231,167,215
"95","223649167822693","Vox","A new document that would serve as a roadmap for Health and Human Services agencies mentions the world ‚Äúfaith‚Äù 46 times.","2017-10-13T18:30:00+0000","link","https://www.vox.com/science-and-health/2017/10/13/16449724/trump-hhs-abortion-pro-life-conception?utm_campaign=vox.social&utm_content=voxdotcom&utm_medium=social&utm_source=facebook","223649167822693_775773572610247",NA,233,331,528
"52","223649167822693","Vox","The kind of confidentiality clause that prevents an employee or ex-employee from speaking about sexual harassment and other workplace misconduct is generally considered to violate federal labor law, though lots of employers use them anyway.","2017-10-16T00:01:01+0000","link","https://www.vox.com/the-big-idea/2017/10/9/16447118/confidentiality-agreement-weinstein-sexual-harassment-nda?utm_campaign=vox.social&utm_content=voxdotcom&utm_medium=social&utm_source=facebook","223649167822693_776718852515719",NA,242,20,145
"108","223649167822693","Vox","Sebastian Gorka tweeted that ""if Harvey Weinstein had obeyed Pence's rules for meeting with the opposite sex, none of those poor women would ever have been abused.""","2017-10-13T11:30:01+0000","link","https://www.vox.com/identities/2017/10/12/16463680/pence-rule-weinstein?utm_campaign=vox.social&utm_content=voxdotcom&utm_medium=social&utm_source=facebook","223649167822693_775366799317591",NA,248,321,153
"102","223649167822693","Vox","The official death count from Puerto Rico of 45 is very much at odds with other reports from the situation on the ground. That matters.","2017-10-13T14:56:00+0000","link","https://www.vox.com/policy-and-politics/2017/10/13/16468736/puerto-rico-deaths-cnn-perry-cuomo?utm_campaign=vox.social&utm_content=voxdotcom&utm_medium=social&utm_source=facebook","223649167822693_775719872615617",NA,254,37,99
"132","223649167822693","Vox","""Viewed from a distance, the clash between the GOP establishment and the rebels really does look in many ways like the narcissism of small differences."" ‚ÄîMatt Yglesias","2017-10-12T13:30:00+0000","link","https://www.vox.com/policy-and-politics/2017/10/12/16439948/ed-gillespie-ms-13?utm_campaign=vox.social&utm_content=voxdotcom&utm_medium=social&utm_source=facebook","223649167822693_775212689333002",NA,258,27,79
"190","223649167822693","Vox","‚ÄúThis behavior towards women in any field, any country is unacceptable.‚Äù ‚Äì Angelina Jolie","2017-10-10T19:25:00+0000","link","https://www.vox.com/culture/2017/10/10/16454172/gwyneth-paltrow-angelina-jolie-harvey-weinstein-accusers?utm_campaign=vox.social&utm_content=voxdotcom&utm_medium=social&utm_source=facebook","223649167822693_774475922740012",NA,268,26,28
"75","223649167822693","Vox","The poll shows that about half of Americans disapprove ‚Äî including about one in 10 Trump supporters.","2017-10-14T17:45:02+0000","link","https://www.vox.com/2017/10/14/16475598/trump-obamacare-executive-order-poll?utm_campaign=vox.social&utm_content=voxdotcom&utm_medium=social&utm_source=facebook","223649167822693_776168379237433",NA,270,66,94
"143","223649167822693","Vox","Please be advised that the details include explicit and disturbing accounts of sexual assault.","2017-10-12T01:37:08+0000","link","https://www.vox.com/culture/2017/10/11/16460164/harvey-weinstein-sexual-harassment-assault-accusations?utm_campaign=vox.social&utm_content=voxdotcom&utm_medium=social&utm_source=facebook","223649167822693_774983099355961",NA,290,64,136
"67","223649167822693","Vox","Why flat Earth truthers are having such a huge year online. (via The Verge)","2017-10-15T03:01:01+0000","link","https://www.theverge.com/2017/10/9/16424622/reddit-conspiracy-theories-memes-irony-flat-earth?utm_campaign=theverge.social&utm_content=voxdotcom&utm_medium=social&utm_source=facebook","223649167822693_776186672568937",NA,293,97,94
"54","223649167822693","Vox","Obama‚Äôs Clean Power Plan would have averted asthma attacks. Trump wants to undo it.","2017-10-15T21:31:01+0000","link","https://www.vox.com/science-and-health/2017/3/29/15087066/trump-executive-order-climate-change-health?utm_campaign=vox.social&utm_content=voxdotcom&utm_medium=social&utm_source=facebook","223649167822693_776729305848007",NA,297,75,216
"63","223649167822693","Vox","Riverdale is built out of all the shows that came before it, and it appears to have learned from what the fan bases of those shows complained about. That‚Äôs both a good thing and a bad thing.","2017-10-15T10:01:01+0000","link","https://www.vox.com/culture/2017/5/11/15560388/riverdale-teen-soap-tropes-dawsons-creek-veronica-mars-twin-peaks?utm_campaign=vox.social&utm_content=voxdotcom&utm_medium=social&utm_source=facebook","223649167822693_776182032569401",NA,303,39,17
"122","223649167822693","Vox","Sad!","2017-10-12T18:41:01+0000","link","https://www.vox.com/policy-and-politics/2017/10/12/16464364/trump-tax-cuts-biggest-grassley?utm_campaign=vox.social&utm_content=voxdotcom&utm_medium=social&utm_source=facebook","223649167822693_775302115990726",NA,305,70,54
"164","223649167822693","Vox","""The president has sent us very clear signals about his enthusiasm for military conflict with North Korea."" ‚ÄîSen. Chris Murphy, in a recent conversation with Ezra Klein.","2017-10-11T13:23:42+0000","link","https://www.vox.com/policy-and-politics/2017/10/11/16454978/chris-murphy-trump-north-korea-war?utm_campaign=vox.social&utm_content=voxdotcom&utm_medium=social&utm_source=facebook","223649167822693_774807462706858",NA,309,40,122
"184","223649167822693","Vox","Manhattan's district attorney declined to prosecute Harvey Weinstein or Ivanka Trump ‚Äì and received significant campaign contributions from their lawyers.","2017-10-10T23:03:00+0000","link","https://www.vox.com/policy-and-politics/2017/10/10/16454182/cyrus-vance-harvey-weinstein-ivanka-donald-trump-junior-prosecute-donations-write-in?utm_campaign=vox.social&utm_content=voxdotcom&utm_medium=social&utm_source=facebook","223649167822693_774525996068338",NA,309,120,508
"38","223649167822693","Vox","Richard Thaler focuses on behavioral economics ‚Äî the subfield known for exploring how psychological biases cause people to act in ways that diverge from pure rational self-interest.","2017-10-16T16:05:31+0000","link","https://www.vox.com/the-big-idea/2017/10/16/16481836/nudges-thaler-nobel-economics-prize-undemocratic-tool?utm_campaign=vox.social&utm_content=voxdotcom&utm_medium=social&utm_source=facebook","223649167822693_777164899137781",NA,310,23,87
"188","223649167822693","Vox","A first-hand account of the grueling work that goes into fighting fires:","2017-10-10T20:52:59+0000","link","https://www.vox.com/science-and-health/2017/9/14/16301876/wildfires-california-firefighters-los-angeles-west?utm_campaign=vox.social&utm_content=voxdotcom&utm_medium=social&utm_source=facebook","223649167822693_774512266069711",NA,318,16,85
"85","223649167822693","Vox","It's simple: the people who *oppose* stricter laws are much more engaged in the debate than the people who support them.","2017-10-14T02:00:00+0000","link","https://www.vox.com/policy-and-politics/2017/10/13/16468902/gun-control-politics-intensity?utm_campaign=vox.social&utm_content=voxdotcom&utm_medium=social&utm_source=facebook","223649167822693_775802625940675",NA,323,60,131
"110","223649167822693","Vox","It sounds antiquated, but there's a ton of data showing that IQ is one of the best predictors of someone's longevity, health, and prosperity.","2017-10-13T04:00:01+0000","link","https://www.vox.com/2016/5/24/11723182/iq-test-intelligence?utm_campaign=vox.social&utm_content=voxdotcom&utm_medium=social&utm_source=facebook","223649167822693_775408065980131",NA,324,33,92
"78","223649167822693","Vox","The controversy has exposed rifts on the left about abortion rights, identity, and the interplay between feminism and economic policy.","2017-10-14T14:00:00+0000","link","https://www.vox.com/identities/2017/10/13/16469216/bernie-sanders-womens-conference-speech?utm_campaign=vox.social&utm_content=voxdotcom&utm_medium=social&utm_source=facebook","223649167822693_775859305935007",NA,325,210,111
"96","223649167822693","Vox","Governments draw borders. Governments manage borders. But humans live them.

Our newest series, Vox Borders, takes you to the communities at the front lines of international relations, where the decisions made in capital cities play out on a human scale. Stay turned for the first documentary, premiering on October 17th.","2017-10-13T18:00:00+0000","video","https://www.facebook.com/Vox/videos/775737319280539/","223649167822693_775737319280539","Vox is with Johnny Harris.",325,17,93
"50","223649167822693","Vox","The science behind musical repetition and the many ways our brains react to it.","2017-10-16T03:01:02+0000","link","https://www.vox.com/videos/2017/10/13/16469744/repetition-in-music?utm_campaign=vox.social&utm_content=voxdotcom&utm_medium=social&utm_source=facebook","223649167822693_776705009183770",NA,327,31,93
"157","223649167822693","Vox","""Nuclear weapons, for [President Trump], seem less like a real destructive force that he needs to study carefully and understand, and more like a toy he gets to play around with now that he‚Äôs running a country."" ‚ÄîForeign reporter Zack Beauchamp","2017-10-11T16:38:00+0000","link","https://www.vox.com/policy-and-politics/2017/10/11/16458104/trump-nukes-nbc-thousands?utm_campaign=vox.social&utm_content=voxdotcom&utm_medium=social&utm_source=facebook","223649167822693_774876096033328",NA,332,84,195
"152","223649167822693","Vox","President Trump does seem to have a troubling lack of respect for the First Amendment ‚Äî but not one that heralds any change in policy.","2017-10-11T20:25:49+0000","link","https://www.vox.com/policy-and-politics/2017/10/11/16460206/trump-press-disgusting?utm_campaign=vox.social&utm_content=voxdotcom&utm_medium=social&utm_source=facebook","223649167822693_774954912692113",NA,339,338,171
"142","223649167822693","Vox","The case for why driving species to extinction is murder.","2017-10-12T02:01:00+0000","link","https://www.vox.com/energy-and-environment/2017/10/11/16457432/elizabeth-kolbert-biodiversity?utm_campaign=vox.social&utm_content=voxdotcom&utm_medium=social&utm_source=facebook","223649167822693_774956922691912",NA,353,24,95
"171","223649167822693","Vox","The secretary of state is supposed to be the most credible source of America's stance on foreign policy. When the president belittles that person, he destroys that authority.","2017-10-11T09:00:00+0000","link","https://www.vox.com/world/2017/10/10/16452370/rex-tillerson-donald-trump-moron-iq-test?utm_medium=social&utm_source=facebook","223649167822693_774363686084569",NA,360,62,116
"32","223649167822693","Vox","We're truly in a new age of astronomy: one in which scientists can listen for ripples in spacetime and figure out where to look in the universe to see amazing phenomena unfold in real time.","2017-10-16T18:38:00+0000","link","https://www.vox.com/science-and-health/2017/10/16/16482682/ligo-gravitational-waves-neutron-star-kilonova?utm_campaign=vox.social&utm_content=voxdotcom&utm_medium=social&utm_source=facebook","223649167822693_777220085798929",NA,365,6,84
"154","223649167822693","Vox","In John Green's Turtles All the Way Down, mental illness is neither quirky nor romantic.","2017-10-11T19:00:00+0000","link","https://www.vox.com/culture/2017/10/10/16455496/john-green-turtles-all-the-way-down-review?utm_campaign=vox.social&utm_content=voxdotcom&utm_medium=social&utm_source=facebook","223649167822693_774772982710306",NA,370,24,41
"83","223649167822693","Vox","It even happens to women working in the most remote and desolate places on Earth.","2017-10-14T04:01:02+0000","link","https://www.vox.com/science-and-health/2017/10/13/16469024/science-fieldwork-abuse-antarctica?utm_campaign=vox.social&utm_content=voxdotcom&utm_medium=social&utm_source=facebook","223649167822693_775792802608324",NA,371,45,151
"131","223649167822693","Vox","More than 80% of Puerto Rico is without power, and FEMA says there's a daily shortfall of 1.8 million meals. It‚Äôs been just over three weeks since Maria hit the island.","2017-10-12T13:56:55+0000","link","https://www.vox.com/policy-and-politics/2017/10/12/16463856/trump-tweets-2017-puerto-rico-fema-military-recovery?utm_campaign=vox.social&utm_content=voxdotcom&utm_medium=social&utm_source=facebook","223649167822693_775252542662350",NA,373,307,1065
"82","223649167822693","Vox","We guzzle sugary beverages on an unrivaled scale. Portion sizes have gone way up. And our vegetables consist mainly of potatoes and tomatoes.","2017-10-14T10:00:01+0000","link","https://www.vox.com/2016/8/31/12368246/charts-explain-obesity?utm_campaign=vox.social&utm_content=voxdotcom&utm_medium=social&utm_source=facebook","223649167822693_775861635934774",NA,385,38,195
"153","223649167822693","Vox","Gov. Ricardo Rossell√≥ of Puerto Rico puts the number of hurricane-related deaths at 45.

But our research puts that number at a minimum of 81, not including 69 missing persons and another 450 bodies where a cause of death has not yet been determined. Here's how that's possible.","2017-10-11T19:27:48+0000","link","https://www.vox.com/science-and-health/2017/10/11/16424356/puerto-rico-official-hurricane-maria-death-toll?utm_campaign=vox.social&utm_content=voxdotcom&utm_medium=social&utm_source=facebook","223649167822693_774946209359650",NA,386,46,1079
"185","223649167822693","Vox","Few powerful men are entirely alone in their mistreatment of women.","2017-10-10T22:29:07+0000","link","https://www.vox.com/identities/2017/10/10/16454954/harvey-weinstein-enablers?utm_campaign=vox.social&utm_content=voxdotcom&utm_medium=social&utm_source=facebook","223649167822693_774540849400186",NA,391,45,111
"180","223649167822693","Vox","Brooklyn Defender Services lays out how America's criminal justice system is rigged against the poor ‚Äî and what we can do to change that.

Illustrations by Molly Crabapple","2017-10-11T02:01:00+0000","video","https://www.facebook.com/Vox/videos/774299792757625/","223649167822693_774299792757625",NA,396,14,448
"31","223649167822693","Vox","Hurricane Ophelia unleashed the worst weather the Emerald Isle has seen in 50 years.","2017-10-16T19:04:00+0000","link","https://www.vox.com/energy-and-environment/2017/10/16/16482208/wind-rain-wildfire-hurricane-ophelia-europe-ireland-portugal?utm_campaign=vox.social&utm_content=voxdotcom&utm_medium=social&utm_source=facebook","223649167822693_777229262464678",NA,399,27,336
"57","223649167822693","Vox","Halt and Catch Fire was always more interested in navigating the vagaries of its characters‚Äô relationships, betrayals, and reconciliations, in a way prestige drama has struggled with of late.","2017-10-15T17:45:00+0000","link","https://www.vox.com/culture/2017/10/15/16473012/halt-and-catch-fire-finale-recap-amc-ten-of-swords?utm_campaign=vox.social&utm_content=voxdotcom&utm_medium=social&utm_source=facebook","223649167822693_776690409185230",NA,401,24,64
"200","223649167822693","Vox","‚ÄúI think it's fake news, but if he did that, I guess we'll have to compare IQ tests. And I can tell you who is going to win,‚Äù ‚ÄîPresident Trump, appearing to challenge Rex Tillerson to an IQ test","2017-10-10T14:31:01+0000","link","https://www.vox.com/policy-and-politics/2017/10/10/16452502/trump-tillerson-iq-really?utm_medium=social&utm_source=facebook","223649167822693_774323952755209",NA,409,499,287
"56","223649167822693","Vox","Even if she doesn‚Äôt traffic in the same visceral rage as a Stephen Colbert or Samantha Bee, or the wry analytics of a Seth Meyers or John Oliver, Robin Thede's commentary is absolutely still made for drawing blood.","2017-10-15T19:01:00+0000","link","https://www.vox.com/culture/2017/10/15/16471946/the-rundown-with-robin-thede-bet-review?utm_campaign=vox.social&utm_content=voxdotcom&utm_medium=social&utm_source=facebook","223649167822693_776747969179474",NA,410,8,42
"77","223649167822693","Vox","President Trump took to Twitter Saturday morning to celebrate after taking active steps to sabotage Obamacare ‚Äî and he‚Äôs using the stock market as an affirmation for his decision.","2017-10-14T15:15:00+0000","link","https://www.vox.com/policy-and-politics/2017/10/14/16475426/trump-obamacare-stock-market-tweet?utm_campaign=vox.social&utm_content=voxdotcom&utm_medium=social&utm_source=facebook","223649167822693_776150532572551",NA,412,482,701
"59","223649167822693","Vox","A new poll shows that more than 75% of Republicans don‚Äôt think Congressional Republicans like President Trump. And more than 50% think Congressional Republicans need to push back or get tougher on Trump.","2017-10-15T15:15:02+0000","link","https://www.vox.com/policy-and-politics/2017/10/15/16478306/congressional-republican-pretend-trump-poll?utm_campaign=vox.social&utm_content=voxdotcom&utm_medium=social&utm_source=facebook","223649167822693_776699635850974",NA,429,48,108
"70","223649167822693","Vox","This wrenching concern over the deficit ‚Äî particularly when the situation in Puerto Rico remains so dire ‚Äî is hard for some to swallow.","2017-10-14T22:45:00+0000","link","https://www.vox.com/policy-and-politics/2017/10/14/16465842/republicans-peurto-rico-deficit?utm_campaign=vox.social&utm_content=voxdotcom&utm_medium=social&utm_source=facebook","223649167822693_776147559239515",NA,443,107,488
"11","223649167822693","Vox","Somalia is reeling from what officials say is the deadliest single attack ever to hit the impoverished and war-battered African country.","2017-10-17T16:04:55+0000","link","https://www.vox.com/world/2017/10/17/16485944/somalia-truck-bombings-mogadishu-terror-attack-shabaab?utm_campaign=vox.social&utm_content=voxdotcom&utm_medium=social&utm_source=facebook","223649167822693_777498509104420",NA,444,22,380
"117","223649167822693","Vox","Deliberate decisions and unintended consequences of urban development over decades have turned many parts of the state into a tinderbox.","2017-10-12T22:41:50+0000","link","https://www.vox.com/energy-and-environment/2017/10/12/16458242/risk-wildfires-worse-climate-change-california-san-francisco-los-angeles?utm_campaign=vox.social&utm_content=voxdotcom&utm_medium=social&utm_source=facebook","223649167822693_775439989310272",NA,451,22,162
"156","223649167822693","Vox","Senator Claire McCaskill says it‚Äôs time for pharmaceutical companies to start worrying about their role in causing the deadliest drug overdose crisis in US history.","2017-10-11T17:38:54+0000","link","https://www.vox.com/policy-and-politics/2017/10/11/16453656/claire-mccaskill-opioid-epidemic-investigation?utm_campaign=vox.social&utm_content=voxdotcom&utm_medium=social&utm_source=facebook","223649167822693_774911086029829",NA,507,73,87
"41","223649167822693","Vox","From what we‚Äôve seen so far, Black Panther sure looks impressive.","2017-10-16T14:11:02+0000","link","https://www.vox.com/2017/10/16/16481776/marvel-new-black-panther-trailer-video?utm_campaign=vox.social&utm_content=voxdotcom&utm_medium=social&utm_source=facebook","223649167822693_777117685809169",NA,509,11,49
"113","223649167822693","Vox","""The contraception coverage rollback does nothing to advance health, and the claims put forward to defend it are not supported by evidence. It‚Äôs a cruel, purely ideological gesture that will hurt real women ‚Äî and the men and children in their lives.""","2017-10-13T02:00:01+0000","link","https://www.vox.com/first-person/2017/10/12/16464204/patients-suffer-trump-new-birth-control-rule?utm_campaign=vox.social&utm_content=voxdotcom&utm_medium=social&utm_source=facebook","223649167822693_775321202655484",NA,510,45,247
"133","223649167822693","Vox","Accusations can set off a domino effect. But why don‚Äôt we treat the first accuser with the same respect as the 20th?","2017-10-12T13:00:44+0000","link","https://www.vox.com/identities/2017/10/12/16459000/harvey-weinsteins-assault-accusers?utm_campaign=vox.social&utm_content=voxdotcom&utm_medium=social&utm_source=facebook","223649167822693_775223212665283",NA,521,28,48
"25","223649167822693","Vox","Much of the humor of Hey Arnold! ‚Äî and what makes it particularly rewatchable today ‚Äî is how it portrays the strangeness of the adult world.","2017-10-17T00:00:00+0000","link","https://www.vox.com/culture/2017/10/16/16453420/hey-arnold-best-show-growing-up-big-city?utm_campaign=vox.social&utm_content=voxdotcom&utm_medium=social&utm_source=facebook","223649167822693_777176059136665",NA,543,22,49
"10","223649167822693","Vox","Of course, the 2018 midterms are still a long way away ‚Äî but the poll suggests that the GOP might have an uphill battle to hang on to its congressional majorities.","2017-10-17T16:56:36+0000","link","https://www.vox.com/policy-and-politics/2017/10/17/16488350/democrats-leading-double-digits-early-2018-midterm-poll?utm_campaign=vox.social&utm_content=voxdotcom&utm_medium=social&utm_source=facebook","223649167822693_777558675765070",NA,557,88,48
"53","223649167822693","Vox","""Many of these norms, many of these things that have enriched and ennobled our democracy, have taken a long time to take root in our culture. Which is to say, they can‚Äôt be easily rebuilt."" ‚Äî Fareed Zakaria","2017-10-15T22:45:01+0000","link","https://www.vox.com/2017/9/14/16287506/fareed-zakaria-trump-presidency-lesson?utm_campaign=vox.social&utm_content=voxdotcom&utm_medium=social&utm_source=facebook","223649167822693_776740779180193",NA,594,25,317
"109","223649167822693","Vox","Bernie Sanders will deliver the opening-night speech for the first-ever convention of the Women‚Äôs March in late October. Huh?","2017-10-13T10:45:01+0000","link","https://www.vox.com/policy-and-politics/2017/10/12/16465012/womens-march-bernie-sanders?utm_campaign=vox.social&utm_content=voxdotcom&utm_medium=social&utm_source=facebook","223649167822693_775393055981632",NA,597,281,127
"116","223649167822693","Vox","This case illustrates just how contentious Twitter has become for its inconsistency in protecting its users from abuse.","2017-10-12T23:00:01+0000","link","https://www.vox.com/culture/2017/10/12/16464752/twitter-suspended-rose-mcgowan?utm_campaign=vox.social&utm_content=voxdotcom&utm_medium=social&utm_source=facebook","223649167822693_775376202649984",NA,614,20,98
"105","223649167822693","Vox","""Sexual violence doesn‚Äôt just affect the body. It warps and pollutes the mind.""","2017-10-13T13:29:06+0000","link","https://www.vox.com/first-person/2017/10/13/16465064/harvey-weinstein-rape-allegations-asia-argento?utm_campaign=vox.social&utm_content=voxdotcom&utm_medium=social&utm_source=facebook","223649167822693_775684759285795",NA,620,21,221
"148","223649167822693","Vox","‚ÄúYou can‚Äôt increase defense spending, which the president proposes, cut taxes, which the president proposes, and leave entitlements untouched, which the president has proposed, and think you are going to have a balanced budget.""","2017-10-11T22:29:00+0000","link","https://www.vox.com/policy-and-politics/2017/10/11/16460176/republican-trump-impossible-promises?utm_campaign=vox.social&utm_content=voxdotcom&utm_medium=social&utm_source=facebook","223649167822693_774976582689946",NA,624,178,248
"103","223649167822693","Vox","Ben Affleck‚Äôs past includes a lot of time spent around men facing sexual harassment accusations, and a lot of time on camera groping women.","2017-10-13T14:28:18+0000","link","https://www.vox.com/culture/2017/10/13/16465216/ben-affleck-harvey-weinstein-sexual-harassment?utm_campaign=vox.social&utm_content=voxdotcom&utm_medium=social&utm_source=facebook","223649167822693_775710885949849",NA,633,66,96
"68","223649167822693","Vox","Lore tackles folklore, superstition, and pseudoscience, and their often devastating impact on individual lives.","2017-10-15T01:31:01+0000","link","https://www.vox.com/culture/2017/10/13/16473928/lore-amazon-podcast-tv-adaptation-horror-history?utm_campaign=vox.social&utm_content=voxdotcom&utm_medium=social&utm_source=facebook","223649167822693_776140985906839",NA,635,42,98
"147","223649167822693","Vox","Mr. Robot is back ‚Äî and it's worth watching.","2017-10-11T23:00:00+0000","link","https://www.vox.com/culture/2017/10/11/16455000/mr-robot-season-3-review-good?utm_campaign=vox.social&utm_content=voxdotcom&utm_medium=social&utm_source=facebook","223649167822693_774883919365879",NA,641,74,59
"42","223649167822693","Vox","The firm was able to use real-time information to determine what messages were resonating where, and then shape Trump‚Äôs schedule around it. So, if there was a spike in clicks on an article about immigration in Wisconsin, Trump would go there and give an immigration-focused speech.","2017-10-16T13:53:07+0000","link","https://www.vox.com/policy-and-politics/2017/10/16/15657512/cambridge-analytica-trump-kushner-flynn-russia?utm_campaign=vox.social&utm_content=voxdotcom&utm_medium=social&utm_source=facebook","223649167822693_777114985809439",NA,701,69,718
"44","223649167822693","Vox","To have real progress on health care in the United States, we have to start tackling a new question: How much do we pay? 

We want to start by bringing transparency emergency room fees, which are often secret. Learn how to help us report on these little-understood, but extremely common, costs. Ì†ΩÌ±á","2017-10-16T12:45:01+0000","link","https://erbills.vox.com/?utm_campaign=vox.social&utm_content=voxdotcom&utm_medium=social&utm_source=facebook","223649167822693_777086352478969",NA,711,57,361
"176","223649167822693","Vox","Disgruntled Rick and Morty fans, some of whom waited in huge lines for hours, staged mass protests while toting signs and chanting ‚ÄúWe want sauce!‚Äù","2017-10-11T04:00:00+0000","link","https://www.vox.com/culture/2017/10/10/16448816/rick-and-morty-szechuan-sauce-backlash?utm_campaign=vox.social&utm_content=voxdotcom&utm_medium=social&utm_source=facebook","223649167822693_774522102735394",NA,713,252,291
"51","223649167822693","Vox","Superficial scare narratives about the other side may make us feel good, but they can drive poor decision-making.","2017-10-16T01:31:01+0000","link","https://www.vox.com/the-big-idea/2017/7/14/15967788/democracy-shackles-james-buchanan-intellectual-history-maclean?utm_campaign=vox.social&utm_content=voxdotcom&utm_medium=social&utm_source=facebook","223649167822693_776732365847701",NA,716,36,138
"121","223649167822693","Vox","The request cites a Vox report that found a significant discrepancy between the government‚Äôs official death toll of 45 and reports from the ground ‚Äî our analysis found a total of 81 deaths linked directly or indirectly to the hurricane; another 450 deaths, most of causes still unknown; and at least 69 people still missing.","2017-10-12T19:14:01+0000","link","https://www.vox.com/policy-and-politics/2017/10/12/16465278/puerto-rico-death-toll-maria-congress-audit?utm_campaign=vox.social&utm_content=voxdotcom&utm_medium=social&utm_source=facebook","223649167822693_775370482650556",NA,724,40,376
"159","223649167822693","Vox","How the LGBTQ community created voguing:","2017-10-11T15:15:29+0000","video","https://www.facebook.com/Vox/videos/774852426035695/","223649167822693_774852426035695",NA,728,76,200
"30","223649167822693","Vox","‚ÄúHey, just so you know, don‚Äôt be alone with X.‚Äù

‚ÄúI know you‚Äôre new here. In case nobody has mentioned it, Y has raped women. That‚Äôs a fact.‚Äù

‚ÄúI‚Äôd call Z a creep, but I don‚Äôt think he‚Äôs dangerous in the way W is. I don‚Äôt know, I could be wrong.‚Äù

These are the kinds of warnings whispered in private among women in work spaces who want to protect themselves from sexual harassment. What about the women who don‚Äôt get this information?","2017-10-16T19:56:26+0000","link","https://www.vox.com/first-person/2017/10/16/16482800/harvey-weinstein-sexual-harassment-workplace?utm_campaign=vox.social&utm_content=voxdotcom&utm_medium=social&utm_source=facebook","223649167822693_777249765795961",NA,729,37,130
"5","223649167822693","Vox","Comforting the families of fallen troops is a sacred duty for a commander in chief. President Trump doesn‚Äôt seem to get that.","2017-10-17T20:00:01+0000","link","https://www.vox.com/policy-and-politics/2017/10/17/16489708/trump-lie-obama-call-dead-troops-military-tweets?utm_campaign=vox.social&utm_content=voxdotcom&utm_medium=social&utm_source=facebook","223649167822693_777649442422660",NA,750,100,191
"128","223649167822693","Vox","""What would happen if it's discovered that Russians hacked into the results of the 2016 presidential election and tipped the outcome in favor of Donald Trump ‚Äî literally changed the vote totals?

At first glance, the Constitution contains no provision that would rescue us.""","2017-10-12T15:48:19+0000","link","https://www.vox.com/the-big-idea/2017/10/12/16463770/hacked-election-constitution-election?utm_campaign=vox.social&utm_content=voxdotcom&utm_medium=social&utm_source=facebook","223649167822693_775235469330724",NA,770,168,348
"158","223649167822693","Vox","Another day, another casual threat from the president of the US to abuse the powers of his office in order to stymie reporting that he doesn‚Äôt like.","2017-10-11T15:36:00+0000","link","https://www.vox.com/2017/10/11/16458362/trump-nbc-tweet?utm_campaign=vox.social&utm_content=voxdotcom&utm_medium=social&utm_source=facebook","223649167822693_774852292702375",NA,783,569,865
"125","223649167822693","Vox","The latest episode of Full Frontal with Samantha Bee includes a quick PSA ‚Äî dripping with sarcasm, of course ‚Äî on just how easy it is to not sexually harass people.","2017-10-12T17:21:00+0000","link","https://www.vox.com/culture/2017/10/12/16464192/samantha-bee-harvey-weinstein-psa-watch?utm_campaign=vox.social&utm_content=voxdotcom&utm_medium=social&utm_source=facebook","223649167822693_775328525988085",NA,804,14,98
"101","223649167822693","Vox","President Trump is enacting a policy where the government spends billions more to insure fewer people.","2017-10-13T15:30:00+0000","link","https://www.vox.com/policy-and-politics/2017/10/13/16467910/trump-obamacare-politics-aca?utm_campaign=vox.social&utm_content=voxdotcom&utm_medium=social&utm_source=facebook","223649167822693_775715282616076",NA,817,153,814
"84","223649167822693","Vox","And they want the money spent on clean energy.","2017-10-14T03:00:02+0000","link","https://www.vox.com/energy-and-environment/2017/10/13/16468318/americans-willing-to-pay-climate-change?utm_campaign=vox.social&utm_content=voxdotcom&utm_medium=social&utm_source=facebook","223649167822693_775834842604120",NA,885,31,121
"43","223649167822693","Vox","""Trump‚Äôs view, as I understand it, has been that Obamacare is so thoroughly associated with Democrats that any problems it faces will be blamed on them,"" writes Ezra Klein. ""But he is president now.""","2017-10-16T13:19:39+0000","link","https://www.vox.com/policy-and-politics/2017/10/16/16480438/obamacare-trump-csrs?utm_campaign=vox.social&utm_content=voxdotcom&utm_medium=social&utm_source=facebook","223649167822693_777102635810674",NA,900,138,246
"120","223649167822693","Vox","San Juan Mayor Carmen Yul√≠n Cruz begged the American public to stand by Puerto Rico as President Trump openly threatens to remove federal aid workers.","2017-10-12T19:46:00+0000","link","https://www.vox.com/policy-and-politics/2017/10/12/16465226/puerto-rico-trump-san-juan?utm_campaign=vox.social&utm_content=voxdotcom&utm_medium=social&utm_source=facebook","223649167822693_775363342651270",NA,919,141,895
"104","223649167822693","Vox","Is American democracy in decline? Should we be worried? 

Some experts got together to answer these questions. And nearly everyone agreed: American democracy is eroding on multiple fronts ‚Äî socially, culturally, and economically.","2017-10-13T14:03:00+0000","link","https://www.vox.com/2017/10/13/16431502/america-democracy-decline-liberalism?utm_campaign=vox.social&utm_content=voxdotcom&utm_medium=social&utm_source=facebook","223649167822693_775697195951218",NA,920,98,848
"94","223649167822693","Vox","This is epic.","2017-10-13T19:00:01+0000","link","https://www.vox.com/culture/2017/10/13/16468986/stranger-things-season-2-final-trailer?utm_campaign=vox.social&utm_content=voxdotcom&utm_medium=social&utm_source=facebook","223649167822693_775803482607256",NA,946,129,184
"149","223649167822693","Vox","Fifty-six percent of Americans now say that belief in God isn‚Äôt a necessary component of morality, up from 49 percent in 2011.","2017-10-11T22:00:00+0000","link","https://www.vox.com/identities/2017/10/11/16447008/christianity-america-politically-polarized?utm_campaign=vox.social&utm_content=voxdotcom&utm_medium=social&utm_source=facebook","223649167822693_774869092700695",NA,998,94,135
"151","223649167822693","Vox","Read: Rep. Al Green has given a 15-page document to Vox that lays out his articles of impeachment.","2017-10-11T21:01:00+0000","link","https://www.vox.com/policy-and-politics/2017/10/11/16459824/al-green-impeachment-trump?utm_campaign=vox.social&utm_content=voxdotcom&utm_medium=social&utm_source=facebook","223649167822693_774967669357504",NA,1006,39,78
"199","223649167822693","Vox","Yes, birth control helps decrease the number of unplanned pregnancies ‚Äî despite what the White House says to the contrary.","2017-10-10T15:01:00+0000","link","https://www.vox.com/science-and-health/2017/10/10/16447202/trump-case-against-birth-control-distortion-of-science?utm_medium=social&utm_source=facebook","223649167822693_774305509423720",NA,1024,79,507
"189","223649167822693","Vox","How much do Star Wars fans love the porg? SO MUCH.","2017-10-10T19:55:00+0000","link","https://www.vox.com/culture/2017/10/10/16453716/star-wars-the-last-jedi-porg-memes?utm_campaign=vox.social&utm_content=voxdotcom&utm_medium=social&utm_source=facebook","223649167822693_774478402739764",NA,1068,167,150
"191","223649167822693","Vox","Rotten Tomatoes scores are everywhere. But the ratings system doesn't neccessarily mean what it seems. Here's how to read the scores on the next movie you plan to see:","2017-10-10T18:55:00+0000","video","https://www.facebook.com/Vox/videos/774453736075564/","223649167822693_774453736075564",NA,1103,179,343
"155","223649167822693","Vox","The current Congress is among the oldest in history, and more than half of the senators running for reelection in 2018 will be over 65.","2017-10-11T18:01:00+0000","link","https://www.vox.com/policy-and-politics/2017/10/11/16458142/congress-alzheimers-pharmacist?utm_campaign=vox.social&utm_content=voxdotcom&utm_medium=social&utm_source=facebook","223649167822693_774858209368450",NA,1115,284,2004
"73","223649167822693","Vox","MINDHUNTER is built almost entirely around conversation, around trying to understand what‚Äôs going on in somebody else‚Äôs head by talking to them and getting under their skin.","2017-10-14T20:15:00+0000","link","https://www.vox.com/culture/2017/10/14/16474370/mindhunter-review-netflix-fincher?utm_campaign=vox.social&utm_content=voxdotcom&utm_medium=social&utm_source=facebook","223649167822693_776155545905383",NA,1132,133,129
"58","223649167822693","Vox","In addition, an estimated 75% of all workplace harassment incidents go unreported altogether.","2017-10-15T16:31:00+0000","link","https://www.vox.com/identities/2017/10/15/16438750/weinstein-sexual-harassment-facts?utm_campaign=vox.social&utm_content=voxdotcom&utm_medium=social&utm_source=facebook","223649167822693_776695102518094",NA,1135,74,1293
"64","223649167822693","Vox","A Dungeons & Dragons master demonstrates how to play the classic game featured in Stranger Things. (via Tech Insider)","2017-10-15T06:01:01+0000","video","https://www.facebook.com/techinsider/videos/867491140115910/","223649167822693_776177859236485","Vox shared Tech Insider's video.",1151,161,2
"8","223649167822693","Vox","At least 17 women have accused President Trump of assaulting or violating them. This subpoena could have wide-ranging implications.","2017-10-17T18:30:00+0000","link","https://www.vox.com/identities/2017/10/17/16483946/summer-zervos-donald-trump-defamation-lawsuit-subpoena?utm_campaign=vox.social&utm_content=voxdotcom&utm_medium=social&utm_source=facebook","223649167822693_777608132426791",NA,1158,44,180
"87","223649167822693","Vox","How London's latest music export, Grime, transcended a music genre and became a lifestyle.","2017-10-14T00:00:01+0000","video","https://www.facebook.com/Vox/videos/775855825935355/","223649167822693_775855825935355",NA,1230,162,265
"182","223649167822693","Vox","It sure seems like Donald Trump hates being president.","2017-10-11T00:03:00+0000","link","https://www.vox.com/policy-and-politics/2017/10/10/16452882/trump-john-kelly?utm_campaign=vox.social&utm_content=voxdotcom&utm_medium=social&utm_source=facebook","223649167822693_774474552740149",NA,1237,141,314
"139","223649167822693","Vox","On Wednesday, Rep. Al Green (D-TX) announced plans to introduce articles of impeachment in the House of Representatives against President Donald Trump.","2017-10-12T05:01:00+0000","link","https://www.vox.com/policy-and-politics/2017/5/12/15615066/impeachment-trump-process-history?utm_campaign=vox.social&utm_content=voxdotcom&utm_medium=social&utm_source=facebook","223649167822693_774940016026936",NA,1240,56,154
"21","223649167822693","Vox","Did you know that approximately one in eight Americans still don‚Äôt have a steady supply of food to their table, while roughly 40% of the food we produce in the US doesn‚Äôt get eaten? 

The University of California investigates how we can better feed those who need it and cut back on waste.","2017-10-17T04:01:00+0000","link","https://www.vox.com/videos/2017/5/9/15594598/food-waste-dumbest-environmental?utm_campaign=vox.social&utm_content=voxdotcom&utm_medium=social&utm_source=facebook","223649167822693_777265402461064",NA,1287,45,520
"168","223649167822693","Vox","President Donald Trump‚Äôs approval ratings have dipped in every state ‚Äî even ones that won him the election.","2017-10-11T11:00:00+0000","link","https://www.vox.com/policy-and-politics/2017/10/10/16452828/trump-approval-rating-bad?utm_campaign=vox.social&utm_content=voxdotcom&utm_medium=social&utm_source=facebook","223649167822693_774515512736053",NA,1324,98,150
"29","223649167822693","Vox","There are an estimated 8 parking spots for every car in America, shaping the growth of our cities (and traffic). Tweaking one old policy could free up those lots for other uses.","2017-10-16T20:30:00+0000","video","https://www.facebook.com/Vox/videos/777182679136003/","223649167822693_777182679136003",NA,1342,73,621
"71","223649167822693","Vox","Employers can‚Äôt punish employees for ""concerted activity for mutual aid.""","2017-10-14T21:31:01+0000","link","https://www.vox.com/the-big-idea/2017/10/14/16473534/benching-nfl-players-taking-knee-illegal-labor-law?utm_campaign=vox.social&utm_content=voxdotcom&utm_medium=social&utm_source=facebook","223649167822693_776142322573372",NA,1344,117,257
"166","223649167822693","Vox","Vox's Matt Yglesias lays out how the idea of proportional representation solves many problems:","2017-10-11T12:18:32+0000","link","https://www.vox.com/policy-and-politics/2017/10/11/16453512/gerrymandering-proportional-representation?utm_campaign=vox.social&utm_content=voxdotcom&utm_medium=social&utm_source=facebook","223649167822693_774775022710102",NA,1407,38,356
"39","223649167822693","Vox","One scientist described it as ""one of the most complete stories of an astrophysical event that you could possibly imagine.""","2017-10-16T15:15:26+0000","link","https://www.vox.com/science-and-health/2017/10/16/16464716/ligo-gravitational-wave-neutron-star-merger-gold-alchemy","223649167822693_777145992473005",NA,1669,33,469
"16","223649167822693","Vox","Haiti and the Dominican Republic may share an island. But they‚Äôre drastically different worlds. 

Reporter Johnny Harris traced a history of how this divide came to be, for the first episode of our newest video series, Vox Borders. | Presented by lululemon men","2017-10-17T13:18:00+0000","video","https://www.facebook.com/Vox/videos/777481285772809/","223649167822693_777481285772809",NA,1708,244,1843
"111","223649167822693","Vox","‚ÄúPeople tell Google things that they don't tell to possibly anybody else.‚Äù ‚Äî Seth Stephens-Davidowitz, author of Everybody Lies","2017-10-13T03:00:02+0000","link","https://www.vox.com/conversations/2017/6/13/15768622/facebook-social-media-seth-stephens-davidowitz-everybody-lies?utm_campaign=vox.social&utm_content=voxdotcom&utm_medium=social&utm_source=facebook","223649167822693_775406545980283",NA,1804,70,687
"195","223649167822693","Vox","‚ÄúDonald Trump thinks we should give him equal time on a comedy show, even though the election is over. Kind of like if The Big Bang Theory was immediately followed by The Creationist Bazinga Funtime Hour, starring Jesus and his roommate, a T. rex,"" ‚ÄîStephen Colbert","2017-10-10T16:45:01+0000","link","https://www.vox.com/culture/2017/10/10/16452928/jon-stewart-stephen-colbert-trump-compliment","223649167822693_774411436079794",NA,1812,40,269
"7","223649167822693","Vox","The Constitution requires the president ""take Care that the laws be faithfully executed.‚Äù Sabotaging Obamacare, argues one Yale law professor, is not that.","2017-10-17T19:00:00+0000","link","https://www.vox.com/the-big-idea/2017/10/17/16489526/take-care-clause-obamacare-trump-sabotage-aca-illegal?utm_campaign=vox.social&utm_content=voxdotcom&utm_medium=social&utm_source=facebook","223649167822693_777614535759484",NA,1891,130,664
"74","223649167822693","Vox","We‚Äôve hit peak lens flare. Here's how it started.","2017-10-14T19:01:00+0000","video","https://www.facebook.com/Vox/videos/776164815904456/","223649167822693_776164815904456",NA,1898,183,672
"150","223649167822693","Vox","Former President Barack Obama will hit the campaign trail next week for the first time since leaving the White House.","2017-10-11T21:29:27+0000","link","https://www.vox.com/policy-and-politics/2017/10/11/16460228/president-obama-ralph-northam?utm_campaign=vox.social&utm_content=voxdotcom&utm_medium=social&utm_source=facebook","223649167822693_774978636023074",NA,1924,28,75
"169","223649167822693","Vox","Homicide, aggravated assault, robbery, and vehicle theft all saw statistically significant declines.","2017-10-11T10:30:00+0000","link","https://www.vox.com/policy-and-politics/2017/10/10/16455304/voxcare-expanding-health-coverage-reduces-crime?utm_campaign=vox.social&utm_content=voxdotcom&utm_medium=social&utm_source=facebook","223649167822693_774540499400221",NA,1958,40,1004
"186","223649167822693","Vox","Hand-drawn police sketches range from comical to inaccurate. But there is a better way:","2017-10-10T22:01:00+0000","video","https://www.facebook.com/Vox/videos/774300659424205/","223649167822693_774300659424205",NA,1993,54,768
"69","223649167822693","Vox","The science behind ""Asian flush"" -- the red-faced flush associated with drinking common among those of Northeast Asian descent.","2017-10-15T00:01:01+0000","video","https://www.facebook.com/Vox/videos/776165989237672/","223649167822693_776165989237672",NA,2144,998,1091
"36","223649167822693","Vox","Mayim Bialik argued that women can ward off sexual assault by making themselves less attractive. A viral hashtag begged to differ.","2017-10-16T17:00:01+0000","link","https://www.vox.com/culture/2017/10/16/16481698/metoo-hashtag-responds-to-mayim-bialik-victim-blaming?utm_campaign=vox.social&utm_content=voxdotcom&utm_medium=social&utm_source=facebook","223649167822693_777175212470083",NA,2226,322,397
"65","223649167822693","Vox","‚ÄúPut me on TV,‚Äù Conway-wise begs a flummoxed Anderson Cooper from the sewers. ‚ÄúI‚Äôll give you quote...""","2017-10-15T04:42:15+0000","link","https://www.vox.com/culture/2017/10/15/16477686/watch-snlkellyanne-conway-it","223649167822693_776479329206338",NA,2379,91,383
"91","223649167822693","Vox","Gov. Brian Sandoval was unsparing in detailing the consequences of the White House‚Äôs decision to eliminate Cost Sharing Reductions ‚Äî key payments that allow health insurers to better afford coverage for the sick and keep premiums low.","2017-10-13T20:16:00+0000","link","https://www.vox.com/policy-and-politics/2017/10/13/16472686/brian-sandoval-aca-trump?utm_campaign=vox.social&utm_content=voxdotcom&utm_medium=social&utm_source=facebook","223649167822693_775830799271191",NA,2381,78,1121
"114","223649167822693","Vox","Barcelona is taking city streets back from cars, one block at a time:","2017-10-13T01:01:00+0000","video","https://www.facebook.com/Vox/videos/775379765982961/","223649167822693_775379765982961",NA,2619,184,1039
"60","223649167822693","Vox","A comprehensive guide to the voice actors of the 119 recurring characters on The Simpsons:","2017-10-15T14:01:01+0000","video","https://www.facebook.com/Vox/videos/776188309235440/","223649167822693_776188309235440",NA,2658,290,991
"45","223649167822693","Vox","On average, an MRI in the United States costs $1,119. That same scan costs $503 in Switzerland and $215 in Australia.

The health care prices in the United States are, in a word, outlandish ‚Äî and they‚Äôre hurting American families.","2017-10-16T12:14:15+0000","link","https://www.vox.com/policy-and-politics/2017/10/16/16357790/health-care-prices-problem?utm_campaign=vox.social&utm_content=voxdotcom&utm_medium=social&utm_source=facebook","223649167822693_777077792479825",NA,2681,195,1759
"126","223649167822693","Vox","Sociologists sent Chief Justice John Roberts a surprisingly scathing letter. It's Ì†ΩÌ¥•.","2017-10-12T16:40:00+0000","link","https://www.vox.com/policy-and-politics/2017/10/12/16464188/john-roberts-sociological-gobbledygook-eduardo-bonilla-silva-gerrymandering?utm_campaign=vox.social&utm_content=voxdotcom&utm_medium=social&utm_source=facebook","223649167822693_775310369323234",NA,3113,163,1047
"162","223649167822693","Vox","In a series of extemporaneous verses, Eminem takes on everything from Trump‚Äôs alignment with white supremacy to his expensive travel budget.","2017-10-11T14:11:32+0000","link","https://www.vox.com/culture/2017/10/11/16457884/eminem-the-storm-bet-freestyle-trump?utm_campaign=vox.social&utm_content=voxdotcom&utm_medium=social&utm_source=facebook","223649167822693_774822772705327",NA,3194,120,202
"183","223649167822693","Vox","Most of the Pittsburgh Penguins squad aren‚Äôt American patriots, because they aren‚Äôt American at all.","2017-10-10T23:30:00+0000","link","https://www.vox.com/world/2017/10/10/16455140/trump-pittsburgh-penguins-2017?utm_campaign=vox.social&utm_content=voxdotcom&utm_medium=social&utm_source=facebook","223649167822693_774545336066404",NA,3194,727,2461
"62","223649167822693","Vox","In the past, the Supreme Court has ruled on gerrymandering but never could come up with a solution to the problem. This case seems to be different.","2017-10-15T11:31:00+0000","link","https://www.vox.com/2017/10/11/16453534/supreme-court-huge-blow-gerrymandering?utm_campaign=vox.social&utm_content=voxdotcom&utm_medium=social&utm_source=facebook","223649167822693_776193625901575",NA,3247,109,401
"161","223649167822693","Vox","‚ÄúI have lost faith and confidence in your ability to continue to serve as a member of the Salt Lake City Police Department,‚Äù Police Chief Mike Brown wrote in a letter.","2017-10-11T14:36:02+0000","link","https://www.vox.com/2017/9/1/16239898/utah-police-nurse-video?utm_campaign=vox.social&utm_content=voxdotcom&utm_medium=social&utm_source=facebook","223649167822693_774824386038499",NA,3402,112,297
"72","223649167822693","Vox","The board says they wanted this vote to ""send a message that the era of willful ignorance and shameful complicity in sexually predatory behavior and workplace harassment in our industry is over.""","2017-10-14T20:48:00+0000","link","https://www.vox.com/2017/10/14/16476130/harvey-weinstein-kicked-out-film-academy","223649167822693_776329199221351",NA,3755,116,251
"99","223649167822693","Vox","Seth Meyers ties Trump and Weinstein‚Äôs bullying to the same rotted root: ""our toxic culture of male entitlement.""","2017-10-13T16:36:00+0000","link","https://www.vox.com/culture/2017/10/13/16469284/seth-meyers-weinstein-trump-closer-look?utm_campaign=vox.social&utm_content=voxdotcom&utm_medium=social&utm_source=facebook","223649167822693_775759579278313",NA,6024,75,804
"100","223649167822693","Vox","‚ÄúCause I slay, I slay, I slay, I slay, I slay, I slay, I slay, I slay.""

There's a reason people love this Beyonc√© song so, so, so much.
‚Äì‚Äì‚Äì‚Äì‚Äì‚Äì‚Äì‚Äì‚Äì‚Äì‚Äì‚Äì‚Äì‚Äì‚Äì‚Äì‚Äì‚Äì‚Äì
Earworm is an original Vox series hosted by Estelle Caswell that takes you on a musical journey to discover the stories and sounds behind your favorite songs. This episode is presented by Toyota USA.","2017-10-13T16:18:23+0000","video","https://www.facebook.com/Vox/videos/775748415946096/","223649167822693_775748415946096",NA,10571,1151,6198
